Device ID, Proportional Weight
0,0.333333
1,0.333333
2,0.333333
